canonical_smiles,Hydrogen Bond Donors,Hydrogen Bond Acceptors,Molecular Weight,LogP
Cc1cc(-c2csc(N=C(N)N)n2)cn1C,2,4,235.316,1.36192
CC[C@H](C)[C@H](NC(=O)[C@H](CC(C)C)NC(=O)[C@@H](NC(=O)[C@@H](N)CCSC)[C@@H](C)O)C(=O)NCC(=O)N[C@@H](C)C(=O)N[C@@H](C)C(=O)N[C@@H](Cc1c[nH]cn1)C(=O)N[C@@H](CC(N)=O)C(=O)NCC(=O)N[C@@H](C)C(=O)N[C@@H](C)C(=O)N[C@@H](CCC(N)=O)C(=O)N[C@@H](CC(C)C)C(=O)N[C@@H](CC(C)C)C(=O)N[C@@H](CCCN=C(N)N)C(=O)N[C@@H](CCC(N)=O)C(=O)N[C@@H](CC(C)C)C(=O)N[C@@H](CCCN=C(N)N)C(=O)NCC(=O)N[C@@H](CCC(N)=O)C(=O)N[C@@H](CC(C)C)C(=O)NCC(=O)N1CCC[C@H]1C(=O)N1CCC[C@H]1C(=O)NCC(=O)N[C@@H](CO)C(=O)N[C@@H](CCCN=C(N)N)C(N)=O,40,40,2883.389999999997,-16.6611000000001
CCCC[C@@H]1NC(=O)[C@@H](NC(=O)[C@H](CC(C)C)NC(=O)[C@@H](NC(=O)[C@H](CCC(=O)O)NC(=O)[C@H](CCCN=C(N)N)NC(=O)[C@H](CC(C)C)NC(=O)[C@H](CC(C)C)NC(=O)[C@H](Cc2c[nH]cn2)NC(=O)[C@H](N)Cc2ccccc2)C(C)C)CCC(=O)NCCCC[C@@H](C(=O)N[C@@H](CCC(N)=O)C(=O)N[C@@H](CC(C)C)C(=O)N[C@@H](C)C(=O)N[C@@H](CCC(N)=O)C(=O)N[C@@H](CCC(N)=O)C(=O)N[C@@H](C)C(=O)N[C@@H](Cc2c[nH]cn2)C(=O)N[C@@H](CO)C(=O)N[C@@H](CC(N)=O)C(=O)N[C@@H](CCCN=C(N)N)C(=O)N[C@@H](CCCCN)C(=O)N[C@@H](CC(C)C)C(=O)N[C@@H](CCCC)C(=O)N[C@@H](CCC(=O)O)C(=O)N[C@H](C(=O)N[C@H](C(=O)C(N)=O)[C@@H](C)CC)[C@@H](C)CC)NC(=O)[C@H](C)NC(=O)[C@H](CCCN=C(N)N)NC(=O)[C@H](C)NC1=O,48,46,3548.212999999991,-12.195800000000188
CC(C)C[C@@H]1NC(=O)CNC(=O)[C@H](c2ccc(O)cc2)NC(=O)[C@@H]([C@@H](C)O)NC(=O)[C@H](c2ccc(O[C@H]3O[C@H](CO)[C@@H](O)[C@H](O)[C@@H]3O[C@H]3O[C@H](CO)[C@@H](O)[C@H](O)[C@@H]3O)cc2)NC(=O)[C@@H](CCCN)NC(=O)[C@H](Cc2ccccc2)NC(=O)[C@H]([C@@H](C)O)NC(=O)[C@@H](c2ccc(O)cc2)NC(=O)[C@H](c2ccc(O)cc2)NC(=O)[C@@H](C(C)C)NC(=O)[C@@H](CCCN)NC(=O)[C@@H](c2ccc(O)cc2)NC(=O)[C@@H](CNC(=O)[C@H](CC(N)=O)NC(=O)Cc2cccc3ccccc23)[C@@H](C(N)=O)OC(=O)[C@H](c2ccc(O)c(Cl)c2)NC(=O)[C@@H](C)NC1=O,35,41,2598.156999999996,-5.586399999999988
Brc1cccc(Nc2ncnc3ccncc23)c1NCCN1CCOCC1,2,7,429.32200000000034,3.2750000000000004
COc1c(O)cc(O)c(C(=N)Cc2ccc(O)cc2)c1O,5,6,289.287,2.1281699999999995
CCOC(=O)c1cc2cc(C(=O)O)ccc2[nH]1,2,3,233.22299999999998,2.0428
CC(=O)O[C@@H]1[C@@H](OC(C)=O)/C(C)=C\[C@@H]2OC(=O)[C@]3(C)O[C@]23[C@H](OC(C)=O)[C@H]2[C@](C)(O)[C@H](O)C=C[C@]2(C)[C@H]1OC(C)=O,2,13,580.5830000000003,0.4304000000000012
C[C@H](NC(=O)OCc1ccccc1)C(=O)N[C@@H](C)C(=O)NN(CC(N)=O)C(=O)/C=C/C(=O)N(Cc1ccco1)Cc1ccco1,4,9,622.6350000000003,1.1223000000000047
CO[C@H]1C[C@H](COC[C@H]2[C@@H](OC)C[C@H](O[C@H]3CC[C@@]4(C)C(=CC[C@]5(O)[C@@H]4C[C@@H](OC(=O)/C=C/c4ccccc4)[C@@]4(C)[C@]5(O)CC[C@@]4(O)C(C)=O)C3)O[C@@H]2C)O[C@@H](C)[C@H]1COC[C@H]1C[C@H](OC)[C@H](COC[C@H]2C[C@@H](OC)[C@@H](O[C@H]3O[C@@H](CO)[C@H](O)[C@@H](O)[C@@H]3O)[C@H](C)O2)[C@@H](C)O1,7,24,1333.6099999999997,3.930000000000013
COc1ccc2c(c1OC)C(CC1(C)C=Cc3c(c4cccc(OC)c4n(C)c3=O)O1)N(C)c1c-2ccc2cc3c(cc12)OCO3,0,9,618.6860000000001,6.858700000000008
CC(C)C[C@H](NC(=O)[C@H](Cc1cnc[nH]1)NC(=O)[C@H](Cc1c[nH]c2ccccc12)NC(=O)[C@@H]1CCCN1C(=O)[C@@H](N)CS)C(=O)N[C@@H](CC(C)C)C(=O)N1CCC[C@H]1C(=O)N[C@@H](Cc1ccccc1)C(=O)N[C@@H](CS)C(=O)O,12,13,1115.3939999999998,1.1734000000000122
CC(C)=C[C@H]1C[C@](C)(O)[C@@H]2[C@H]3CC[C@@H]4[C@@]5(C)CC[C@H](O[C@@H]6OC[C@H](O)[C@H](O[C@@H]7O[C@H](CO)[C@@H](O)[C@H](O)[C@H]7O)[C@H]6O[C@@H]6O[C@@H](COC(=O)CC(=O)O)[C@H](O)[C@H]6O)C(C)(C)[C@@H]5CC[C@@]4(C)[C@@]34CO[C@@]2(C4)O1,9,19,985.127,0.6314000000000108
CCn1c2ccc3cc2c2cc(ccc21)C(=O)c1ccc(cc1)Cn1cc[n+](c1)Cc1ccc(cc1)-c1cccc(c1C(=O)O)-c1ccc(cc1)C[n+]1ccn(c1)Cc1ccc(cc1)C3=O.[Br-].[Br-],1,6,1023.8259999999999,4.001200000000006
COc1cccc(CNC2(CCC(C)(C)C)C(=O)C(C3=NS(=O)(=O)c4cc(NS(C)(=O)=O)ccc4N3)=C(O)c3ccccc32)c1,4,9,652.7950000000002,4.942800000000004
CCCCC[C@H]1CCCCCCCCCC(=O)O[C@@H]2[C@@H](O[C@@H]3O[C@H](C)[C@@H](OC(=O)C(C)CC)[C@H](O)[C@H]3O)[C@H](C)O[C@@H](O[C@H]3[C@H](O[C@H]4[C@H](O1)O[C@H](C)[C@@H](O)[C@@H]4O)O[C@H](CO)[C@@H](O)[C@@H]3O)[C@@H]2OC(=O)C(C)CC,7,21,1023.2170000000004,2.576600000000007
C[C@H]1CN(CCC(=O)N[C@@H](CCc2ccccc2)C(=O)O)CC[C@@]1(C)c1cccc(O)c1,3,4,438.56800000000027,3.5840000000000014
O=C(NO)c1ccc(I)cc1,2,2,263.034,1.4102000000000003
C=CCc1ccc(OC(=O)C23CC4CC(CC(C4)C2)C3)c(OC)c1,0,3,326.43600000000004,4.545500000000004
Cc1cccc(N2CCN(CCCON3C(=O)c4ccccc4C3=O)CC2)c1,0,5,379.46000000000015,2.7349200000000016
N=c1sc2ccccc2n1CCN1CCC(c2ccc(F)cc2)CC1,1,4,355.482,4.200970000000003
CCCCCCCCCCCCCC(=O)NCc1ccc(C(=O)N[C@H](C(=O)O)[C@@H](C)CC)cc1,3,3,474.68600000000015,6.233000000000006
O=C(Nc1ncc(F)s1)[C@H](CC1CCOCC1)c1ccc(S(=O)(=O)C2CC2)cc1,1,6,438.54600000000016,3.7573000000000025
Oc1ccc(/N=C(/Cc2ccc(Cl)cc2)c2ccc(O)c(O)c2O)cc1,4,5,369.80400000000014,4.5259000000000045
CCCC[C@H](NC(=O)[C@H](CCC(=O)O)NC(=O)[C@H](CC(C)C)NC(=O)[C@@H](NC(=O)[C@@H]1CCCCNC(=O)CC[C@@H](NC(=O)[C@H](Cc2c[nH]cn2)NC(=O)[C@@H](N)Cc2ccccc2)C(=O)N[C@H](CC(C)C)C(=O)N[C@@H](CCCN=C(N)N)C(=O)N1)C(C)C)C(=O)N[C@@H](C)C(=O)N[C@@H](CCCN=C(N)N)C(=O)N[C@@H](C)C(=O)N[C@@H](CCC(=O)O)C(=O)N[C@@H](CCC(N)=O)C(=O)N[C@@H](CC(C)C)C(=O)N[C@@H](C)C(=O)N[C@@H](CCC(N)=O)C(=O)N[C@@H](CCC(N)=O)C(=O)N[C@@H](C)C(=O)N[C@@H](Cc1c[nH]cn1)C(=O)N[C@@H](CO)C(=O)N[C@@H](CC(N)=O)C(=O)N[C@@H](CCCN=C(N)N)C(=O)N[C@@H](CCCCN)C(=O)N[C@@H](CC(C)C)C(=O)N[C@@H](CCCC)C(=O)N[C@@H](CCC(=O)O)C(=O)N[C@H](C(=O)N[C@H](C(N)=O)[C@H](C)CC)[C@@H](C)CC,49,46,3536.1579999999917,-12.94620000000018
COC1=C2C[C@@H](O)CC[C@]2(C)[C@H]2CC[C@@]3(C)[C@@H](CC(=O)[C@]3(O)[C@H](C)[C@H](CCC(C)C)O[C@@H]3OC[C@H](O)[C@H](O[C@@H]4OC[C@@H](O)[C@H](O)[C@H]4OC(=O)c4ccc(OC)cc4)[C@H]3OC(C)=O)[C@@H]2C1,5,16,903.0720000000003,3.998200000000004
CO[C@@H]1[C@H](O)[C@@H](C)O[C@@H](OC[C@H]2[C@@H]3O[C@@H]3/C=C/C(=O)[C@H](C)CC[C@H](O[C@@H]3O[C@H](C)C[C@H](O)[C@H]3O)[C@@H](C)/C=C/C(=O)O[C@@H]2C)[C@@H]1OC,3,13,656.7660000000003,1.443400000000003
COc1cc(C(O)C(COC(=O)/C=C/c2ccc(O)cc2)Oc2c(OC)cc(/C=C/COC(=O)/C=C/c3ccc(O)cc3)cc2OC)ccc1O,4,12,698.7210000000003,5.836600000000007
COc1cc(O)c(-c2cc(-c3cc(-c4c(O)cc(O)c5c4C[C@@H](C)N[C@@H]5C)c4cc(C)cc(OC)c4c3O)c(O)c3c(OC)cc(C)cc23)c2c1C(C)=N[C@H](C)C2,6,10,768.9069999999999,9.513440000000001
C[C@@H]1O[C@@H](O[C@H]2[C@H](O[C@@H]3C[C@H](O)CC4=CC[C@H]5[C@@H]6C[C@@H]7O[C@]8(C[C@H](O)[C@@H](C)CO8)[C@@H](C)[C@@H]7[C@@]6(C)CC[C@@H]5[C@]43C)OC[C@H](O)[C@@H]2O[C@@H]2OC[C@@H](O)[C@H](O)[C@H]2O)[C@H](O)[C@H](O)[C@H]1O,9,17,857.0000000000008,-0.5660999999999923
COC(=O)C[C@H]1C(C)(C)[C@H](OC(C)=O)[C@H]2C(=O)[C@]1(C)[C@H]1CC[C@]3(C)[C@@H](CC(=O)O[C@H]3c3ccoc3)[C@]13O[C@H]23,0,9,528.5980000000003,3.793700000000003
CC(C)=CCC/C(C)=C/Cc1c2c(c3oc4c(c(=O)c3c1O)CC1c3c(c(O)cc(O)c3-4)OC1(C)C)C=CC(C)(C)O2,3,7,570.6820000000002,7.8069000000000095
CC(C)(C)OC(=O)[C@H](Cc1ccccc1)NC(=O)[C@H](Cc1ccccc1)NC(=O)[C@@H]1CCCN1C(=O)[C@@H](N)Cc1ccc(O)cc1,4,7,628.7700000000002,3.0497000000000014
COc1ccccc1OCCN1CCN(c2ccc(=O)n(Cn3nc(N4CCN(CCOc5ccccc5OC)CC4)ccc3=O)n2)CC1,0,14,672.7869999999999,1.7250000000000025
C[C@@H](O)[C@H](N)C(=O)N1CCC[C@H]1C(=O)N[C@@H](CCCNC(=N)N)C(=O)N[C@@H](CCCCN)C(=O)N[C@@H](CCCNC(=N)N)C(=O)N[C@@H](CCCNC(=N)N)C(=O)N[C@@H](CCCNC(=N)N)C(=O)N[C@@H](CCCCN)C(=O)N[C@@H](CCCCN)C(=O)N[C@@H](CCCNC(=N)N)C(=O)NCC(N)=O,30,21,1437.7750000000003,-10.131249999999907
CCCCCC[C@H](N)C(=O)N[C@@H](Cc1ccc(O)cc1)C(=O)N1CCC[C@H]1C(=O)N[C@@H](Cc1c[nH]c2ccccc12)C(=O)N[C@@H](Cc1ccccc1)C(N)=O,7,7,751.9290000000002,3.129800000000004
CC[C@H](C)[C@H](NC(=O)[C@H](Cc1ccc(O)cc1)NC(=O)[C@@H](N)Cc1ccccc1)C(=O)NCC(=O)N[C@@H](CCCNC(=N)N)C(=O)N[C@@H](CC(C)C)C(=O)O,11,9,767.9289999999999,0.0001700000000090518
CC(C)C[C@H](NC(=O)[C@H](CCCNC(=N)N)NC(=O)[C@H](CCCCN)NC(=O)[C@H](CCCCN)NC(=O)[C@H](CCCNC(=N)N)NC(=O)[C@H](CCCNC(=N)N)NC(=O)[C@H](CCCNC(=N)N)NC(=O)[C@H](C)NC(=O)[C@H](CCCNC(=N)N)NC(=O)[C@@H]1CCCN1C(=O)[C@@H](N)[C@@H](C)O)C(N)=O,29,20,1436.7870000000003,-8.82564999999993
CC(C)C[C@@H](C(=O)N[C@@H](Cc1ccc(O)cc1)C(=O)N1CCC[C@H]1C(=O)N[C@@H](CS)C(=O)O)N(C)C(=O)CN(C)C(=O)CNC(=O)[C@H](Cc1ccccc1)NC(=O)[C@H](Cc1ccsc1)NC(=O)CNC(=O)[C@@H](NC(=O)[C@@H](NC(=O)[C@H](Cc1ccccc1)NC(=O)[C@@H](N)CCCNC(=N)N)C(C)(C)S)[C@@H](C)O,18,20,1529.8780000000004,-1.6330300000000237
O=S(=O)(CCO)c1no[n+]([O-])c1-c1ccccc1,1,6,270.26599999999996,-0.25900000000000034
CN1C(=O)[C@H](NC(=O)Nc2cccc(OCCNC(=O)COCC(=O)NNC(=O)COCC(=O)N[C@H]3CC[C@@]4(O)[C@H]5Cc6cc(O)cc7c6[C@@]4(CCN5C)[C@H]3O7)c2)N=C(c2ccccc2)c2ccccc21,8,14,974.0409999999998,0.9983000000000093
C=C1CC[C@@]2(OC1)O[C@H]1C[C@H]3[C@@H]4CC[C@@H]5C[C@@H](O[C@@H]6O[C@H](CO)[C@H](O)[C@H](O)[C@H]6O[C@@H]6O[C@H](CO)[C@@H](O)[C@H](O)[C@H]6O)[C@@H](O)C[C@]5(C)[C@H]4CC[C@]3(C)[C@H]1[C@@H]2C,8,14,754.9110000000001,0.33310000000000417
CC(C)C[C@H](NC(=O)[C@H](CC(=O)O)NC(=O)[C@H](Cc1ccccc1)NC(=O)[C@H](CO)NC(=O)[C@@H]1CCCN1C(=O)[C@H](CCC(N)=O)NC(=O)[C@@H](N)CS)C(=O)N[C@@H](CCC(N)=O)C(=O)N[C@@H](CS)C(=O)O,15,16,1040.1889999999994,-5.070700000000019
CCC(=O)[C@@H]1C[C@@H](C)[C@]2(CC[C@@]3(C)C4=C(CC[C@@]32C)[C@@]2(C)CC[C@H](O[C@@H]3O[C@H](CO[C@@H]5OC[C@H](O)[C@H](O)[C@H]5O[C@@H]5O[C@H](CO)[C@@H](O)[C@H](O[C@@H]6OC[C@H](O)[C@H](O)[C@H]6O[C@@H]6OC[C@@H](O)[C@H](O)[C@H]6O)[C@H]5O[C@@H]5O[C@@H](C)[C@H](O)[C@@H](O)[C@H]5O)[C@@H](O)[C@H](O)[C@H]3O)[C@](C)(CO)[C@@H]2CC4)O1,16,30,1325.4520000000011,-4.5141999999999936
CCCCCCCCCCCC[C@@H](O)[C@H]1CC[C@H]([C@H](O)CCC(O)CCCC(O)CCC[C@@H](O)CC2=C[C@H](C)OC2=O)O1,5,8,612.8890000000005,6.032100000000008
CNc1nc2sc(SC)nc2c2c1ncn2C,1,7,265.367,2.3415999999999997
O=C(NO)[C@H]1C[C@]1(Cc1ccc(OCc2cc(-c3ccccc3)nc3ccccc23)cc1)C(=O)N1CCC[C@H]1CO,3,6,551.6430000000003,4.518300000000004
CC(=O)OC[C@]12[C@H](OC(C)=O)C(=O)[C@@H]3[C@@H](O)[C@]1(OC3(C)C)[C@](C)(O)C[C@H](OC(C)=O)[C@@H]2OC(C)=O,2,12,500.49700000000036,-0.40689999999999804
C[C@@H](c1ccccc1)[C@@H]1NC(=O)CNC(=O)[C@H](CO)NC(=O)[C@@H]([C@@H](O)[C@@H]2CN=C(N)N2[C@H]2O[C@H](CO)[C@@H](O)[C@H](O)[C@@H]2O)NC(=O)[C@H]([C@H](O)[C@@H]2CN=C(N)N2)NC(=O)[C@@H](Cc2ccc3nc(-c4ccc(C(=O)O)cc4)oc3c2)NC1=O,17,23,1116.112,-7.107600000000026
CCCC1(C)CC(=O)N(CCCCN2CCN(c3nsc4ccccc34)CC2)C(=O)C1.Cl,0,6,479.0900000000002,4.575700000000006
CSCC[C@H](NC(=O)[C@@H](CC(C)C)NC(=O)CNC(=O)[C@H](Cc1ccccc1)NC(=O)[C@H](Cc1ccccc1)NC(=O)[C@@H](CCC(N)=O)NC(=O)[C@@H](CCC(N)=O)NC(=O)[C@@H]1CCCN1C(=O)[C@@H](CCCCN)NC(=O)[C@@H]1CCCN1C(=O)[C@@H](N)CCCN=C(N)N)C(N)=O,15,17,1347.6570000000004,-3.7110000000000074
CC(=O)Nc1ccc(C[C@H](NC(=O)[C@H](CO)NC(=O)[C@@H](Cc2cccnc2)NC(=O)[C@@H](Cc2ccc(Cl)cc2)NC(=O)[C@@H](Cc2ccc3ccccc3c2)NC(C)=O)C(=O)N[C@@H](Cc2ccc(CNC(N)=O)cc2)C(=O)N[C@@H](CC(C)C)C(=O)N[C@@H](CCCCNC(C)C)C(=O)N2CCC[C@H]2C(=O)N[C@H](C)C(N)=O)cc1,15,16,1548.255,2.614200000000001
CCCCCC(O)/C=C/[C@@H]1[C@@H](C/C=C\CCCC(N)=O)[C@@H]2C[C@H]1OC(=O)O2,2,5,379.4970000000001,3.6258000000000017
CC(C)C/C(=C\[C@H](O)CNC(=O)[C@H](Cc1ccccc1)NC(=O)c1ccc(F)cc1)C(=O)N[C@@H](CCCNC(=N)N)C(=O)N[C@@H](Cc1c[nH]c2ccccc12)C(N)=O,10,7,797.9329999999999,2.058570000000005
C/C=C(\C)C(=O)O[C@@H]1[C@@H]2[C@H]([C@H](OC(=O)C(C)CC)[C@H](OC(C)=O)/C(C)=C/[C@@]34O[C@@]3(C[C@H](C)[C@@H]4OC(C)=O)C(=O)[C@@H]1C)C2(C)C,0,10,616.7480000000002,4.670600000000005
CO[C@]1(CC[C@H](C)CO[C@@H]2O[C@H](CO)[C@@H](O)[C@H](O)[C@H]2O)O[C@H]2C[C@H]3[C@@H]4CC=C5C[C@@H](O[C@@H]6O[C@H](CO)[C@@H](O)[C@H](O[C@@H]7O[C@@H](C)[C@H](O[C@@H]8O[C@H](CO)[C@@H](O)[C@H](O)[C@H]8O)[C@@H](O)[C@H]7O)[C@H]6O[C@@H]6O[C@@H](C)[C@H](O)[C@@H](O)[C@H]6O)CC[C@]5(C)[C@H]4CC[C@]3(C)[C@H]2[C@@H]1C,15,27,1225.3790000000008,-3.501399999999987
Cl.O=C(Nc1ccc2c(c1)c1ccccc1n2CCCCN1CCN(C/C=C/c2ccccc2)CC1)c1ccccc1,1,4,579.1880000000004,7.5798000000000085
CC(C)=CCC/C(C)=C/C=C/C(=O)N1CCCC1,0,1,247.38199999999995,3.857700000000003
CSCC[C@H](NC(=O)[C@H](CC(C)C)NC(=O)CNC(=O)[C@H](Cc1ccccc1)NC(=O)[C@@H](Cc1ccccc1)NC(=O)[C@@H](CCC(N)=O)NC(=O)[C@@H](CCC(N)=O)NC(=O)[C@@H]1CCCN1C(=O)[C@@H](CCCCN)NC(=O)[C@H]1CCCN1C(=O)[C@H](N)CCCN=C(N)N)C(N)=O,15,17,1347.6570000000004,-3.7110000000000074
C[C@@H](c1ccccc1)[C@@H]1NC(=O)CNC(=O)[C@H](CO)NC(=O)[C@@H]([C@@H](O)[C@@H]2CN=C(N)N2[C@H]2O[C@H](CO)[C@@H](O)[C@H](O)[C@@H]2O)NC(=O)[C@H]([C@@H](O)[C@@H]2CN=C(N)N2)NC(=O)[C@@H](Cc2ccc(O[C@H]3O[C@H](CO)[C@@H](O[C@H]4O[C@H](COCc5cccs5)[C@@H](O)[C@H](O)[C@@H]4O)[C@H](O)[C@@H]3O)cc2)NC1=O,22,32,1391.4310000000007,-11.325100000000024
CNC(=O)c1cc(C(O)CNC(C)CCc2ccc3c(c2)OCO3)ccc1O.Cl,4,6,422.90900000000016,2.5466000000000006
CNC(=O)[C@H](CCCNC(=O)OC(C)(C)C)NC(=O)[C@H](CCCc1ccccc1)[C@@](C)(O)C(=O)NO,6,7,508.6160000000003,1.4176000000000015
COc1ccccc1N1CCN(CCCNC(=O)c2ccccc2I)CC1.O=C(O)C(=O)O,3,6,569.3960000000002,2.3975
Cc1cc(NC(=O)c2cc(Cl)cc(Cl)c2O)ccc1Sc1nc2ccccc2s1,2,5,461.39500000000015,7.020620000000004
CN(C/C=C/c1ccc(C#N)cc1)Cc1ccc2c(c1)CCO2,0,3,304.3930000000001,3.6383800000000024
COc1ccc(CNc2nnc(N3CCC(O)CC3)c3ccc(C#N)cc23)cc1Cl,2,7,423.9040000000001,3.7366800000000024
Cc1cccc(NC(=S)Nc2ccc3c(c2)C(=O)OC3)c1,2,3,298.3670000000001,3.4743200000000014
C=CCn1cc(C[C@@H]2NC(=O)[C@@H]3CCCN3C2=O)c2ccc(OC)cc21,1,4,353.4220000000001,1.8677999999999995
Cc1ccc(Oc2nc3ccccc3nc2N2CCN(C)CC2)cc1,0,5,334.4230000000001,3.4823200000000023
O=C1CC(c2ccc(-c3ccccc3)cc2)c2c(ccc3ccccc23)N1,1,1,349.43300000000005,5.980900000000004
CC(=O)NC(C(=O)N1CCSCC1)[C@H]1CC(C(=O)O)C[C@@H]1N=C(N)N,4,5,371.4630000000001,-1.1806999999999963
CCCc1cnnn1-c1c(Cl)cc(C(F)(F)F)cc1Cl,0,3,324.13300000000004,4.5454000000000025
O=C(O)C(=O)Nc1nc(-c2cc(Cl)no2)cs1,2,6,273.657,1.4745999999999997
CCc1c(C)[nH]c2c1/C(=N/OC(=O)NCCc1cccnc1)CCC2,2,4,340.4270000000001,3.2898200000000024
CCC[C@@H]1NC(=O)[C@@H](C(C)C)NC(=O)[C@@H](Cc2ccc(O)cc2)NCc2ccccc2CCCCNC1=O,5,5,522.6900000000003,2.9713000000000003
COc1cc2c(cc1OC)CC(=O)N(CCCN(C)CCc1ccccn1)CC2,0,5,397.5190000000002,2.590600000000001
CCN(NC(=O)[C@H]1CCCN1C(=O)[C@@H](NC(=O)[C@@H](NC(=O)[C@H](CC(=O)O)NC(=O)[C@H](CCC(=O)O)NC(=O)[C@@H](NC(=O)[C@H](CC(=O)O)NC(C)=O)[C@@H](C)O)C(C)C)C(C)C)C(=O)Oc1ccc([N+](=O)[O-])cc1,11,16,1023.0200000000001,-2.1266000000000016
C[C@H]1CC[C@@]2(OC1)O[C@H]1CC3[C@@H]4CC=C5C[C@@H](O[C@@H]6O[C@H](CO)[C@@H](O[C@H]7O[C@H](C)[C@@H](OCCNC(=O)CCCCl)[C@H](O)[C@@H]7O)[C@H](O)[C@H]6O[C@H]6O[C@H](C)[C@@H](O)[C@H](O)[C@@H]6O)CC[C@]5(C)[C@H]4CC[C@]3(C)[C@H]1[C@@H]2C,8,17,1016.6600000000001,2.4012000000000073
CC[C@H](C)[C@H](NC(=O)[C@H](Cc1ccc(OP(=O)(O)O)cc1)NC(=O)[C@H](CC(N)=O)NC(=O)[C@H](CC(C)C)NC(C)=O)C(=O)N[C@@H](CC(=O)O)C(=O)N[C@@H](CC(C)C)C(=O)N[C@@H](CC(=O)O)C(=O)N[C@@H](CC(C)C)C(=O)N[C@H](C(N)=O)C(C)C,15,15,1198.2759999999996,-1.7658000000000116
CC[C@H](C)[C@H]1NC(=O)[C@H](CCCN=C(N)N)NC(=O)[C@H]2CCCN2C(=O)[C@H](CC(N)=O)NC(=O)[C@@H](CC(=O)O)NC(=O)[C@H](NC(=O)[C@H](CC(C)C)NC(=O)[C@H](C)NCc2cccc3ccccc23)CSSC[C@H](C(=O)N[C@@H](CCC(N)=O)C(=O)N[C@@H](Cc2ccccc2)C(=O)N[C@H](C(=O)N[C@@H](CCC(=O)O)C(=O)NCC(N)=O)C(C)C)NC(=O)[C@@H](Cc2ccc(O)cc2)NC(=O)[C@H](Cc2c[nH]c3ccccc23)NC(=O)[C@@H](CCCN=C(N)N)NC(=O)[C@H](CC(=O)O)NC1=O,29,29,2322.6639999999998,-4.6970999999999465
CC[C@H](C)[C@H](NC(=O)[C@H](CC(=O)O)NC(=O)[C@H](CC(C)C)NC(=O)[C@H](CC(C)C)NC(=O)[C@H](CCCCN)NC(=O)[C@H](CCCN=C(N)N)NC(=O)[C@H](CC(N)=O)NC(=O)[C@H](CO)NC(=O)[C@H](Cc1c[nH]cn1)NC(=O)[C@H](C)NC(=O)[C@H](CCC(N)=O)NC(=O)[C@H](CCC(N)=O)NC(=O)[C@H](C)NC(=O)[C@H](CC(C)C)NC(=O)[C@H](CCC(N)=O)NC(=O)[C@H](CC(=O)O)NC(=O)[C@H](C)NC(=O)[C@H](CCCCN)NC(=O)[C@@H](NC(=O)[C@H](CCSC)NC(=O)[C@H](CCC(=O)O)NC(=O)[C@H](CC(C)C)NC(=O)[C@@H](NC(=O)[C@H](CCC(=O)O)NC(=O)[C@H](CCCN=C(N)N)NC(=O)[C@H](CC(C)C)NC(=O)[C@H](CC(C)C)NC(=O)[C@H](Cc1c[nH]cn1)NC(=O)[C@H](Cc1ccccc1)NC(=O)[C@@H](NC(=O)[C@H](CC(C)C)NC(=O)[C@H](CC(=O)O)NC(=O)[C@H](C)NC(=O)[C@H](CO)NC(=O)[C@@H](NC(=O)[C@@H]1CCCN1C(=O)[C@@H]1CCCN1C(=O)[C@H](CCC(=O)O)NC(=O)[C@H](CCC(N)=O)NC(=O)[C@@H](N)CO)[C@@H](C)CC)[C@@H](C)O)C(C)C)[C@@H](C)O)C(=O)N[C@@H](C)C(N)=O,64,65,4628.302999999987,-20.63920000000038
O=C(NC[C@@H]1CCCNC1)[C@H]1CCCN1C(=O)[C@@H]1C[C@@H](O)CN1C(=O)CC(c1ccc(F)cc1)(c1ccc(F)cc1)c1ccc(F)cc1,3,5,662.7530000000003,3.897000000000004
CCC(C)CNc1nc(C#N)nc2c1NCN2Cc1ccccc1,2,6,322.41600000000005,3.1958800000000016
CCOC(=O)COC(=O)CCCNC(=O)NC12CC3CC(CC(C3)C1)C2,2,5,366.4580000000002,2.1408999999999994
CC[C@@H](c1ccc(C(F)(F)F)cc1)N1CCN(C2(C)CCN(C(=O)c3c(C)ncnc3C)CC2)C[C@@H]1C,0,5,517.6400000000003,5.264340000000006
CCCCCCC[C@H]1OC(=O)C[C@@H](O)[C@H](Cc2ccccc2)N(C)C(=O)[C@H](Cc2ccccc2)OC(=O)[C@H]1C,1,6,537.6970000000002,4.883600000000005
CCCN1c2cc(C)nc3c(-c4ccc(Cl)cc4Cl)nn(c23)C[C@@H]1CC,0,4,389.33000000000015,5.722120000000005
CSCC[C@H](NC(=O)[C@H](CCCN=C(N)N)NC(=O)[C@H](CCCN=C(N)N)NC(=O)CC(N)CSC1CC(=O)N(CCC(=O)O[C@@H](C(=O)O[C@@H]2C(C)=CC3[C@@H](OC(C)=O)C(=O)[C@@]4(C)[C@H]([C@H](OC(=O)c5ccccc5)[C@@]2(O)C3(C)C)[C@]2(OC(C)=O)CO[C@@H]2C[C@@H]4O)[C@@H](NC(=O)c2ccccc2)c2ccccc2)C1=O)C(=O)N[C@@H](CCCCN)C(=O)N[C@@H](Cc1c[nH]c2ccccc12)C(=O)N[C@@H](CCCCN)C(=O)N[C@@H](CCCCN)C(N)=O,20,33,2153.5600000000013,-0.039100000000009294
CC[C@H](C)[C@H](NC(=O)[C@H](CC(=O)O)NC(=O)[C@H](C)NC(=O)[C@H](Cc1c[nH]cn1)NC(=O)[C@H]1CSSC[C@@H](N)C(=O)N[C@H](CO)C(=O)N[C@H]2CSSC[C@H](NC(=O)[C@@H](CCC(=O)O)NC(=O)[C@H](CCCCN)NC(=O)[C@@H](CC(=O)O)NC(=O)[C@H](CCSC)NC(=O)[C@@H](CC(C)C)NC(=O)[C@H](CO)NC(=O)[C@@H](CO)NC2=O)C(=O)N[C@H](C(C)C)C(=O)N[C@@H](Cc2ccc(O)cc2)C(=O)N[C@H](Cc2ccccc2)C(=O)N1)C(=O)N[C@H](C(=O)N[C@@H](Cc1c[nH]c2ccccc12)C(=O)O)[C@@H](C)CC,32,36,2449.8679999999963,-5.747499999999957
CC[C@H](C)[C@H](NC(=O)CNC(=O)[C@H](C)NC(=O)[C@H](C)NC(=O)[C@H](Cc1c[nH]cn1)NC(=O)[C@H](CC(N)=O)NC(=O)CNC(=O)[C@H](CO)NC(=O)[C@H](C)NC(=O)[C@H](CCC(N)=O)NC(=O)[C@H](CC(C)C)N(C)C(=O)[C@H](CC(C)C)NC(=O)[C@H](CCCN=C(N)N)NC(=O)[C@H](CCC(N)=O)NC(=O)[C@H](CC(C)C)NC(=O)[C@H](CCCN=C(N)N)NC(=O)CNC(=O)[C@H](CCC(N)=O)NC(=O)[C@H](CC(C)C)NC(=O)CNC(=O)[C@@H]1CCCN1C(=O)[C@@H]1CCCN1C(=O)CNC(=O)[C@H](CO)NC(=O)[C@@H](N)CCCN=C(N)N)C(=O)O,36,36,2568.934999999999,-16.381600000000027
CN(C)[C@H]1[C@@H](O[C@H]2O[C@H](CO)[C@@H](O)[C@H](N)[C@H]2O)[C@H](NC(=O)[C@@H](O)CCN)C[C@H](N)[C@H]1O[C@H]1O[C@H](CN)CC[C@H]1N,10,15,579.696,-5.830100000000012
N=C(N)NC(=O)OCc1cccc(N2CCC(Oc3cccnc3)CC2)c1F,3,6,387.41500000000013,2.3881699999999997
CC[C@H](C)[C@H](NC(=O)CNC(=O)[C@H](Cc1ccccc1)NC(=O)[C@H](CO)NC(=O)[C@H](CC(N)=O)NC(=O)[C@H](Cc1c[nH]c2ccccc12)NC(=O)[C@H](CC(N)=O)NC(=O)[C@H](Cc1ccc(O)cc1)NC(=O)[C@H](CC(N)=O)NC(=O)[C@@H]1CCCN1C(=O)[C@@H](N)CC(C)C)C(=O)N[C@@H](CCCNC(=N)N)C(=O)N[C@@H](Cc1ccccc1)C(N)=O,22,20,1626.8430000000008,-5.114129999999985
CCCCc1oc2ccccc2c1Cc1cccc(/C(C)=C/Cn2oc(=O)[nH]c2=O)c1,1,5,418.49300000000017,4.9127000000000045
C[C@H](NC(=O)[C@H]1Cc2c(sc3ccccc23)CN1)c1ccccc1.Cl,2,3,372.921,4.214800000000004
CC[C@H](C)[C@H](NC(=O)CNC(=O)[C@H](C)NC(=O)[C@H](C)NC(=O)[C@H](Cc1c[nH]cn1)NC(=O)[C@H](CC(N)=O)NC(=O)CNC(=O)[C@H](CO)NC(=O)[C@H](C)NC(=O)[C@H](CCC(N)=O)NC(=O)[C@H](CC(C)C)NC(=O)[C@H](CC(C)C)NC(=O)[C@H](CCCN=C(N)N)NC(=O)[C@H](CCC(N)=O)NC(=O)[C@H](CC(C)C)NC(=O)[C@H](CCCN=C(N)N)NC(=O)CNC(=O)[C@H](CCC(N)=O)NC(=O)[C@H](CC(C)C)NC(=O)CN)C(=O)N[C@@H](CC(C)C)C(=O)N[C@H](C(=O)N[C@@H](CCSC)C(=O)O)[C@@H](C)O,35,34,2405.819999999998,-13.20309999999996
Oc1cc(Cl)ccc1Oc1ccc(Cl)cc1CN1CCN(C(c2ccccc2)c2ccccc2)CC1,1,4,519.4720000000002,7.398500000000008
COC(=O)c1cc(CCc2ccc(OC)cc2OC)ccc1O,1,5,316.35300000000007,2.9812000000000016
C=C(CO)[C@]12C=C3C(=O)C[C@@H](C(C)C)[C@]3(C)C[C@@H](O)[C@@]1(C)CC(=O)O2,2,5,348.43900000000014,2.1692
CC[C@H](C)[C@H](NC(=O)[C@H](CCCCN)NC(=O)[C@H](CCCCN)NC(=O)[C@H](CO)NC(=O)[C@@H](NC(=O)CNC(=O)[C@H](CCCNC(=N)N)NC(=O)[C@H](CC(C)C)NC(=O)[C@@H](NC(=O)[C@@H](N)CCCCN)[C@@H](C)CC)C(C)C)C(=O)N[C@@H](CCSC)C(=O)N[C@@H](CCCNC(=N)N)C(=O)N[C@@H](CCCNC(=N)N)C(=O)N[C@H](C(=O)N[C@@H](CO)C(=O)N[C@@H](CCCCN)C(=O)N[C@@H](CC(=O)O)C(=O)N[C@H](C(=O)N[C@@H](CC(C)C)C(=O)N[C@H](C(=O)NCC(=O)N[C@@H](CCCCN)C(=O)N[C@@H](CCCCN)C(N)=O)[C@@H](C)O)[C@@H](C)CC)[C@@H](C)CC,43,38,2668.3939999999975,-10.18299
C=C(CC(O)C(C)(O)[C@H]1CC[C@H]2C3=C[C@H](OC(C)=O)[C@H]4[C@@H](OC(C)=O)[C@@H](O)CC[C@]4(C)[C@H]3CC[C@]12C)C(C)C,3,7,546.7450000000003,4.7237000000000045
O=c1[nH]cnc2c1ncn2C(COCCP(=O)(O)O)COCCP(=O)(O)O,5,8,426.2590000000001,-0.9507000000000001
N=C(N)N1CCC[C@H]1Cc1nc(-c2ccc(Nc3nc(-c4cc(C(F)(F)F)ccc4F)cs3)cc2)no1,3,7,531.5390000000001,5.661970000000003
CC1(c2ccccn2)ON=C(c2ccccc2Cl)O1,0,4,274.707,3.316300000000002
CC[C@H](C)[C@H](NC(=O)CNC(=O)[C@H](C)NC(=O)[C@H](C)NC(=O)[C@H](Cc1c[nH]cn1)NC(=O)[C@H](CC(N)=O)NC(=O)CNC(=O)[C@H](CO)NC(=O)[C@H](C)NC(=O)[C@H](CCC(N)=O)NC(=O)[C@H](CC(C)C)NC(=O)[C@H](CC(C)C)NC(=O)[C@H](CCCN=C(N)N)NC(=O)[C@H](CCC(N)=O)NC(=O)[C@H](CC(C)C)NC(=O)[C@H](CCCN=C(N)N)NC(=O)CNC(=O)[C@@H]1CCCN1C(=O)[C@H](CC(C)C)NC(=O)CN)C(=O)N[C@@H](CC(C)C)C(=O)N[C@H](C(=O)N[C@@H](CCSC)C(=O)O)[C@@H](C)O,33,33,2374.805999999998,-11.962399999999933
CN[C@H](CC(C)C)C(=O)N[C@H]1C(=O)N[C@@H](CC(N)=O)C(=O)N[C@H]2C(=O)N[C@H]3C(=O)N[C@H](C(=O)N[C@H](C(=O)O)c4cc(O)cc(O)c4-c4cc3ccc4O)[C@H](O)c3ccc(c(Cl)c3)Oc3cc2cc(c3OC2OC(CO)C(O)C(O)C2OC2CC(C)(NC(=O)OCc3cc(C)c(OC(=O)CNC(=O)CC(NC(=O)COCCO)C(=O)NCC(=O)Oc4c(C)cc(COC(=O)NC5(C)CC(OC6C(Oc7c8cc9cc7Oc7ccc(cc7Cl)[C@@H](O)[C@@H](NC(=O)[C@@H](CC(C)C)NC)C(=O)N[C@@H](CC(N)=O)C(=O)N[C@H]9C(=O)N[C@H]7C(=O)N[C@H](C(=O)N[C@H](C(=O)O)c9cc(O)cc(O)c9-c9cc7ccc9O)[C@H](O)c7ccc(c(Cl)c7)O8)OC(CO)C(O)C6O)OC(C)C5O)cc4C)c(C)c3)C(O)C(C)O2)Oc2ccc(cc2Cl)[C@H]1O,42,61,3568.1819999999834,1.3220799999999697
NCC(=O)N[C@@H](CCCN=C(N)N)C(=O)NCC(=O)N[C@@H](CC(=O)O)C(=O)N[C@@H](Cc1ccccc1)C(=O)NCC(=O)Nc1ccccc1C(=O)NCC(=O)N[C@@H](CCCN=C(N)N)C(=O)NCC(=O)N[C@@H](CC(=O)O)C(=O)N[C@@H](Cc1ccccc1)C(=O)O,19,17,1259.3059999999996,-6.802400000000006
c1ccc2cc(CC3=NCCN3)ccc2c1,1,2,210.28,2.3840000000000003
Cn1c(=O)c2c3c(cnc2n(C)c1=O)C(=O)C=CC3=O,0,7,271.23199999999997,-0.4325999999999999
NCCCCN(Cc1ccc(OCCc2ccccc2)cc1)Cc1ccc(OCCc2ccccc2)cc1.O=C(O)C(F)(F)F,2,5,622.7280000000004,7.304000000000008
CN(CCNC(=O)N1CCN(c2ccccc2)CC1)Cc1ccccc1,1,3,352.4820000000001,2.6502
CC[C@H](C)[C@H](NC(=O)[C@H](CC(C)C)NC(=O)[C@@H](NC(=O)[C@@H](N)CCSC)[C@@H](C)O)C(=O)NCC(=O)N[C@@H](C)C(=O)N[C@H](C)C(=O)N[C@@H](Cc1c[nH]cn1)C(=O)N[C@@H](CC(N)=O)C(=O)NCC(=O)N[C@@H](CO)C(=O)N[C@@H](C)C(=O)N[C@@H](CCC(N)=O)C(=O)N[C@@H](CC(C)C)C(=O)N[C@@H](CC(C)C)C(=O)N[C@@H](CCCN=C(N)N)C(=O)N[C@@H](CCC(N)=O)C(=O)N[C@@H](CC(C)C)C(=O)N[C@@H](CCCN=C(N)N)C(=O)NCC(=O)N[C@@H](CCC(N)=O)C(=O)N[C@@H](CC(C)C)C(=O)NCC(=O)N1CCC[C@H]1C(=O)N1CCC[C@H]1C(=O)NCC(=O)N[C@@H](CO)C(=O)N[C@@H](CCCN=C(N)N)C(N)=O,41,41,2899.388999999997,-17.68870000000012
Cc1ccc[n+](CCC#Cc2ccc(C#CCC[n+]3cccc(C)c3)cc2)c1.[Br-].[Br-],0,0,526.316,-2.229959999999995
CC[C@H](C)[C@H](NC(=O)OCC1c2ccccc2-c2ccccc21)C(=O)N[C@@H](CCCN=C(N)N)C(=O)N[C@@H](CCCCN)C(=O)N[C@H](C(=O)N[C@@H](CC(C)C)C(=O)N[C@@H](Sc1ccccc1)C(=O)N[C@@H](CC(C)C)C(=O)N[C@@H](CC(=O)O)C(=O)NCC(N)=O)[C@@H](C)CC,14,15,1313.6349999999998,2.480299999999997
NCCCC[C@@H](C=O)NC(=O)CC(CCCN)NC(=O)CC(CCCN)NC(=O)CC(CCCN)NC(=O)CC(CCCN)NC(=O)CC(CCCN)NC(=O)CC(CCCN)NC(=O)CC(CCCN)NC(=O)CC(N)CCCN,18,19,1155.5909999999994,-3.447999999999986
CO[C@@H]1[C@@H](O[C@H]2CC[C@H](OC)[C@@H](C)O2)[C@H](C)[C@@](O)(CC(=O)[O-])O[C@H]1[C@H](C)[C@H]1O[C@@]2(CC[C@@](C)([C@H]3CC[C@@](C)([C@@H]4O[C@@H]([C@@H](O)[C@@H](C)C[C@@H](C)[C@@H](C)O)C[C@@H]4O[C@H]4CC[C@H](OC)[C@@H](C)O4)O3)O2)C[C@H](O)[C@H]1C.[Na+],4,18,1025.2560000000003,0.9059000000000124
CCCCCCCC/C=C\CCCCCCCC(=O)N1CCc2cc(OC)c(OC)cc2C1Cc1ccc(OC)c(OC)c1,0,5,607.8760000000002,9.427000000000001
CC(C)/C=C/C=C/CC(=O)N[C@@H](CC(N)=O)C(=O)NC[C@@H]1C(=O)N[C@H](c2ccc(O)cc2)C(=O)N[C@H](CCCN)C(=O)N[C@H](C(C)C)C(=O)N[C@@H](c2ccc(O)cc2)C(=O)N[C@H](c2ccc(O)cc2)C(=O)N[C@@H]([C@@H](C)O)C(=O)N[C@@H](Cc2ccccc2)C(=O)N[C@H](CCCN)C(=O)N[C@@H](c2ccc(O[C@H]3O[C@H](CO)[C@@H](O)[C@H](O)[C@@H]3O[C@H]3O[C@H](CO)[C@@H](O)[C@H](O)[C@@H]3O)cc2)C(=O)N[C@H]([C@@H](C)O)C(=O)N[C@@H](c2ccc(O)cc2)C(=O)NCC(=O)N[C@@H](CC(C)C)C(=O)N[C@H](C)C(=O)N[C@@H](c2ccc(O)c(Cl)c2)C(=O)O[C@@H]1C(N)=O,35,41,2566.1559999999968,-5.823799999999996
N=C(NCCCNCCCCCCCNCCCNC(=N)NCc1ccccc1)NCc1ccccc1,8,4,508.75900000000007,3.524640000000005
CN1CCc2cccc3c2[C@H]1Cc1ccc(CO)c(O)c1-3,2,3,281.35499999999996,2.6366000000000023
CC(C)C[C@H](NC(=O)[C@H](Cc1ccccc1)NC(=O)[C@H](CNC(=O)CCCCCF)NC(=O)[C@H](CO)NC(=O)CN)C(N)=O,8,8,623.7270000000001,-1.7031999999999927
COc1cc2c(O[C@@H]3OC[C@](O)(CO[C@@H]4OC[C@@H](O)[C@H](O)[C@H]4O)[C@H]3O[C@@H]3OC[C@H](O)[C@H](O[C@@H]4OC[C@](O)(CO)[C@H]4O)[C@H]3O)c3c(c(-c4ccc5c(c4)OCO5)c2cc1OC)C(=O)OC3,9,23,908.812,-2.8659999999999854
C[C@@H]1O[C@@H](O[C@H]2[C@H](O[C@H]3CC[C@]4(C)[C@H]5CC=C6[C@@H]7CC(C)(C)CC[C@]7(C(=O)O[C@@H]7O[C@H](CO[C@@H]8O[C@H](CO)[C@@H](O)[C@H](O)[C@H]8O)[C@@H](O)[C@H](O)[C@H]7O)CC[C@@]6(C)[C@]5(C)CC[C@H]4C3(C)C)OC[C@@H](O)[C@@H]2O)[C@H](O)[C@H](O[C@@H]2O[C@H](CO)[C@@H](O[C@@H]3O[C@H](CO)[C@@H](O)[C@H](O)[C@H]3O)[C@H](O)[C@H]2O)[C@H]1O,18,31,1383.532000000001,-4.720199999999995
